{
  "id": "2421213",
  "name": "双创ping't",
  "font_family": "iconfont",
  "css_prefix_text": "icon",
  "description": "",
  "glyphs": [
    {
      "icon_id": "699302",
      "name": "创建活动-line",
      "font_class": "chuangjianhuodongline",
      "unicode": "e6ba",
      "unicode_decimal": 59066
    },
    {
      "icon_id": "2214363",
      "name": "推送",
      "font_class": "tuisong",
      "unicode": "e601",
      "unicode_decimal": 58881
    },
    {
      "icon_id": "2743889",
      "name": "日期",
      "font_class": "riqi",
      "unicode": "e644",
      "unicode_decimal": 58948
    },
    {
      "icon_id": "6446179",
      "name": "关注",
      "font_class": "tianchongxing-",
      "unicode": "e637",
      "unicode_decimal": 58935
    },
    {
      "icon_id": "8615677",
      "name": "信息管理",
      "font_class": "xinxiguanli",
      "unicode": "e6fe",
      "unicode_decimal": 59134
    },
    {
      "icon_id": "11839490",
      "name": "编辑",
      "font_class": "bianji",
      "unicode": "e652",
      "unicode_decimal": 58962
    },
    {
      "icon_id": "13516367",
      "name": "启用",
      "font_class": "qiyong",
      "unicode": "e693",
      "unicode_decimal": 59027
    },
    {
      "icon_id": "17562222",
      "name": "房间号",
      "font_class": "fangjianhao",
      "unicode": "e7f7",
      "unicode_decimal": 59383
    },
    {
      "icon_id": "18809730",
      "name": "删除",
      "font_class": "huangsetubiaozhizuomoban-11",
      "unicode": "e651",
      "unicode_decimal": 58961
    },
    {
      "icon_id": "392133",
      "name": "完成",
      "font_class": "68",
      "unicode": "e68e",
      "unicode_decimal": 59022
    },
    {
      "icon_id": "744539",
      "name": "浏览人数2",
      "font_class": "icon-look",
      "unicode": "e625",
      "unicode_decimal": 58917
    },
    {
      "icon_id": "15268019",
      "name": "时间",
      "font_class": "shijian",
      "unicode": "e60b",
      "unicode_decimal": 58891
    },
    {
      "icon_id": "8554305",
      "name": "配置",
      "font_class": "tubiao_peizhi",
      "unicode": "e640",
      "unicode_decimal": 58944
    },
    {
      "icon_id": "16323311",
      "name": "配置",
      "font_class": "peizhi",
      "unicode": "e69d",
      "unicode_decimal": 59037
    },
    {
      "icon_id": "841850",
      "name": "飞机",
      "font_class": "feiji",
      "unicode": "e6ae",
      "unicode_decimal": 59054
    },
    {
      "icon_id": "4636139",
      "name": "课程管理",
      "font_class": "kechengguanli",
      "unicode": "e659",
      "unicode_decimal": 58969
    },
    {
      "icon_id": "5917609",
      "name": "课程管理",
      "font_class": "kechengguanli1",
      "unicode": "e741",
      "unicode_decimal": 59201
    },
    {
      "icon_id": "8354671",
      "name": "飞机",
      "font_class": "feiji1",
      "unicode": "e657",
      "unicode_decimal": 58967
    },
    {
      "icon_id": "12695963",
      "name": "教室管理",
      "font_class": "jiaoshiguanli",
      "unicode": "e667",
      "unicode_decimal": 58983
    },
    {
      "icon_id": "16227604",
      "name": "教室号",
      "font_class": "jiaoshihao",
      "unicode": "e62f",
      "unicode_decimal": 58927
    },
    {
      "icon_id": "1129630",
      "name": "用户",
      "font_class": "yonghu",
      "unicode": "e636",
      "unicode_decimal": 58934
    },
    {
      "icon_id": "6349891",
      "name": "展示",
      "font_class": "zhanshi",
      "unicode": "e65b",
      "unicode_decimal": 58971
    },
    {
      "icon_id": "14263755",
      "name": "展示",
      "font_class": "zhanshi1",
      "unicode": "e608",
      "unicode_decimal": 58888
    },
    {
      "icon_id": "17334992",
      "name": "用户",
      "font_class": "yonghu1",
      "unicode": "e60a",
      "unicode_decimal": 58890
    },
    {
      "icon_id": "18073721",
      "name": "翻页",
      "font_class": "right-arrow",
      "unicode": "e600",
      "unicode_decimal": 58880
    },
    {
      "icon_id": "2407266",
      "name": "客服  选中",
      "font_class": "tubiao-",
      "unicode": "e656",
      "unicode_decimal": 58966
    },
    {
      "icon_id": "3887220",
      "name": "13-奖项",
      "font_class": "-jiangxiang",
      "unicode": "e609",
      "unicode_decimal": 58889
    },
    {
      "icon_id": "18267918",
      "name": "丰富多元",
      "font_class": "fengfuduoyuan",
      "unicode": "e98e",
      "unicode_decimal": 59790
    },
    {
      "icon_id": "5663512",
      "name": "活动",
      "font_class": "huodong",
      "unicode": "e665",
      "unicode_decimal": 58981
    },
    {
      "icon_id": "7216346",
      "name": "首页",
      "font_class": "shouye",
      "unicode": "e60e",
      "unicode_decimal": 58894
    },
    {
      "icon_id": "13972585",
      "name": "企业创新能力分析系统",
      "font_class": "qiyechuangxinnenglifenxixitong",
      "unicode": "e6a3",
      "unicode_decimal": 59043
    },
    {
      "icon_id": "15765362",
      "name": "我的",
      "font_class": "wode",
      "unicode": "e699",
      "unicode_decimal": 59033
    },
    {
      "icon_id": "15919127",
      "name": "设备管理",
      "font_class": "shebeiguanli",
      "unicode": "e60f",
      "unicode_decimal": 58895
    },
    {
      "icon_id": "16158795",
      "name": "设备管理",
      "font_class": "shebeiguanli_1",
      "unicode": "e7df",
      "unicode_decimal": 59359
    },
    {
      "icon_id": "18033549",
      "name": "高效CRM",
      "font_class": "gaoxiaoCRM",
      "unicode": "e6a8",
      "unicode_decimal": 59048
    }
  ]
}
